Name,Alpha2,Alpha3,Income_tax,Special remarks,Bracket_1_low,Bracket_1_high,Bracket_1_amount,Bracket_2_low,Bracket_2_high,Bracket_2_amount,Bracket_3_low,Bracket_3_high,Bracket_3_amount,Bracket_4_low,Bracket_4_high,Bracket_4_amount,Bracket_5_low,Bracket_5_high,Bracket_5_amount,Bracket_6_low,Bracket_6_high,Bracket_6_amount,Bracket_7_low,Bracket_7_high,Bracket_7_amount,Bracket_8_low,Bracket_8_high,Bracket_8_amount,Bracket_9_low,Bracket_9_high,Bracket_9_amount,Bracket_10_low,Bracket_10_high,Bracket_10_amount
Afghanistan,AF,AFG,20.00%,"Complicated!
https://en.wikipedia.org/wiki/Taxation_in_Afghanistan",,,,,,,,,,,,,,,,,,,,,,,,,,,,,,
Albania,AL,ALB,23.00%,"Complicated!
https://taxsummaries.pwc.com/albania/individual/taxes-on-personal-income",0,30000,0%,30000,150000,13%,,,,,,,,,,,,,,,,,,,,,,,,
Algeria,DZ,DZA,35.00%,,,,,,,,,,,,,,,,,,,,,,,,,,,,,,,
Andorra,AD,AND,10.00%,,,,,,,,,,,,,,,,,,,,,,,,,,,,,,,
Angola,AO,AGO,25.00%,"Complicated!
https://taxsummaries.pwc.com/angola/individual/taxes-on-personal-income",,,,,,,,,,,,,,,,,,,,,,,,,,,,,,
Anguilla,AI,AIA,0.00%,,,,,,,,,,,,,,,,,,,,,,,,,,,,,,,
Argentina,AR,ARG,35.00%,"Complicated!
https://www.taxesforexpats.com/country_guides/argentina/us-tax-preparation-in-argentina.html",,,,,,,,,,,,,,,,,,,,,,,,,,,,,,
Armenia,AM,ARM,20.00%,,,,,,,,,,,,,,,,,,,,,,,,,,,,,,,
Australia,AU,AUS,45.00%,"Complicated!
https://taxsummaries.pwc.com/australia/individual/taxes-on-personal-income",,,,,,,,,,,,,,,,,,,,,,,,,,,,,,
Austria,AT,AUT,55.00%,"Complicated!
https://taxsummaries.pwc.com/austria/individual/taxes-on-personal-income",0,11000,0%,11001,18000,20%,18001,31000,35%,31001,60000,42%,60001,90000,48%,90001,1000000,50%,,,,,,,,,,,,
Azerbaijan,AZ,AZE,14.00%,"Complicatd!
https://taxsummaries.pwc.com/azerbaijan/individual/taxes-on-personal-income",0,8000,0%,,,,,,,,,,,,,,,,,,,,,,,,,,,
Bahamas,BS,BHS,0.00%,,,,,,,,,,,,,,,,,,,,,,,,,,,,,,,
Bahrain,BH,BHR,0.00%,,,,,,,,,,,,,,,,,,,,,,,,,,,,,,,
Bangladesh,BD,BGD,25.00%,,,,,,,,,,,,,,,,,,,,,,,,,,,,,,,
Barbados,BB,BRB,28.50%,"Complicated!
https://taxsummaries.pwc.com/barbados/individual/taxes-on-personal-income",0,50000,12.50%,,,,,,,,,,,,,,,,,,,,,,,,,,,
Belarus,BY,BLR,13.00%,,,,,,,,,,,,,,,,,,,,,,,,,,,,,,,
Belgium,BE,BEL,50.00%,"Complicated!
https://taxsummaries.pwc.com/belgium/individual/income-determination",0,13870,25%,13870,24480,40%,24480,42370,45%,,,,,,,,,,,,,,,,,,,,,
Belize,BZ,BLZ,25.00%,"Complicated!
https://www.belize.org/trade-investment-zone/investment-regime/tax-regime/",,,,,,,,,,,,,,,,,,,,,,,,,,,,,,
Benin,BJ,BEN,30.00%,"Complicated!
https://www.lloydsbanktrade.com/en/market-potential/benin/taxes",,,,,,,,,,,,,,,,,,,,,,,,,,,,,,
Bermuda,BM,BMU,0.00%,,,,,,,,,,,,,,,,,,,,,,,,,,,,,,,
Bhutan,BT,BTN,25.00%,"Complicated!
https://en.wikipedia.org/wiki/Taxation_in_Bhutan",,,,,,,,,,,,,,,,,,,,,,,,,,,,,,
Bolivia,BO,BOL,13.00%,,,,,,,,,,,,,,,,,,,,,,,,,,,,,,,
Bosnia and Herzegovina,BA,BIH,10.00%,,,,,,,,,,,,,,,,,,,,,,,,,,,,,,,
Botswana,BW,BWA,25.00%,"Complicated!
https://taxsummaries.pwc.com/botswana/individual/taxes-on-personal-income",,,,,,,,,,,,,,,,,,,,,,,,,,,,,,
Brazil,BR,BRA,27.50%,"Complicated!
https://taxsummaries.pwc.com/brazil/individual/tax-administration#:~:text=Income",,,,,,,,,,,,,,,,,,,,,,,,,,,,,,
Brunei Darussalam,BN,BRN,0.00%,,,,,,,,,,,,,,,,,,,,,,,,,,,,,,,
Bulgaria,BG,BGR,10.00%,,,,,,,,,,,,,,,,,,,,,,,,,,,,,,,
Burkina Faso,BF,BFA,25.00%,"Complicated!
https://www.lloydsbanktrade.com/en/market-potential/burkina-faso/taxes",,,,,,,,,,,,,,,,,,,,,,,,,,,,,,
Burundi,BI,BDI,30.00%,,,,,,,,,,,,,,,,,,,,,,,,,,,,,,,
Cambodia,KH,KHM,20.00%,"Complicated!
https://taxsummaries.pwc.com/cambodia/individual/taxes-on-personal-income",0,1300000,0%,1300001,2000000,5%,2000001,8500000,10%,8500001,12500000,15%,,,,,,,,,,,,,,,,,,
Cameroon,CM,CMR,38.50%,"Complicated!
https://taxsummaries.pwc.com/republic-of-cameroon/individual/taxes-on-personal-income",0,2000000,11%,2000001,3000000,16.50%,3000001,5000000,27.50%,,,,,,,,,,,,,,,,,,,,,
Canada,CA,CAN,33.00%,"Complicated!
https://taxsummaries.pwc.com/canada/individual/taxes-on-personal-income",,,,,,,,,,,,,,,,,,,,,,,,,,,,,,
Central African Republic,CF,CAF,40%%,,0,378000,0%,378000,1680000,8%,1680000,3360000,15%,3360000,5040000,28%,,,,,,,,,,,,,,,,,,
Chad,TD,TCD,30.00%,,0,800000,0%,800001,2500000,10%,2500000,20,7500000,,,,,,,,,,,,,,,,,,,,,
Chile,CL,CHL,35.50%,"Complicated!
https://taxsummaries.pwc.com/chile/individual/taxes-on-personal-income",,,,,,,,,,,,,,,,,,,,,,,,,,,,,,
China,CN,CHN,45.00%,"Complicated!
https://taxsummaries.pwc.com/peoples-republic-of-china/individual/taxes-on-personal-income",,,,,,,,,,,,,,,,,,,,,,,,,,,,,,
Colombia,CO,COL,33.00%,,0,1400,0%,1400,1700,19%,1700,4100,28%,,,,,,,,,,,,,,,,,,,,,
Congo,CG,COG,40.00%,,,,,,,,,,,,,,,,,,,,,,,,,,,,,,,
Costa Rica,CR,CRI,25.00%,"Complicated!
https://taxsummaries.pwc.com/costa-rica/individual/taxes-on-personal-income",,,,,,,,,,,,,,,,,,,,,,,,,,,,,,
CÃ´te dIvoire,CI,CIV,10.00%,"Complicated!
https://taxsummaries.pwc.com/ivory-coast/individual/taxes-on-personal-income",,,,,,,,,,,,,,,,,,,,,,,,,,,,,,
Croatia,HR,HRV,30.00%,"Complicated!
https://taxsummaries.pwc.com/croatia/individual/income-determination",0,30000,20%,,,,,,,,,,,,,,,,,,,,,,,,,,,
Cuba,CU,CUB,50.00%,"Complicated!
https://www.tradeclub.standardbank.com/portal/en/market-potential/cuba/taxes",0,10000,15%,10000,20000,20%,20000,30000,30%,30000,50000,40%,,,,,,,,,,,,,,,,,,
Cyprus,CY,CYP,35.00%,"Complicated!
https://taxsummaries.pwc.com/cyprus/individual/taxes-on-personal-income",0,19500,0%,19501,28000,20%,28001,36300,25%,36301,60000,30%,,,,,,,,,,,,,,,,,,
Czechia,CZ,CZE,23.00%,"Complicated!
https://taxsummaries.pwc.com/czech-republic/individual/taxes-on-personal-income",,,,,,,,,,,,,,,,,,,,,,,,,,,,,,
Denmark,DK,DNK,56.00%,,,,,,,,,,,,,,,,,,,,,,,,,,,,,,,
Djibouti,DJ,DJI,30.00%,,,,,,,,,,,,,,,,,,,,,,,,,,,,,,,
Dominica,DM,DMA,35.00%,"Complicated!
https://gsl.org/en/taxes/tax-zones/dominica/",,,,,,,,,,,,,,,,,,,,,,,,,,,,,,
Dominican Republic,DO,DOM,25.00%,"Complicated!
https://www.taxesforexpats.com/country_guides/dominican_republic/us-tax-preparation-in-dominican_republic.html",,,,,,,,,,,,,,,,,,,,,,,,,,,,,,
Ecuador,EC,ECU,37.00%,"Complicated!
https://taxsummaries.pwc.com/ecuador/individual/taxes-on-personal-income",,,,,,,,,,,,,,,,,,,,,,,,,,,,,,
Egypt,EG,EGY,25.00%,"Complicated!
https://taxsummaries.pwc.com/egypt/individual/taxes-on-personal-income",,,,,,,,,,,,,,,,,,,,,,,,,,,,,,
El Salvador,SV,SLV,30.00%,"Complicated!
https://taxsummaries.pwc.com/el-salvador/individual/taxes-on-personal-income",,,,,,,,,,,,,,,,,,,,,,,,,,,,,,
Equatorial Guinea,GQ,GNQ,35.00%,"Complicated!
https://centralafricataxguide.com/equatorial-guinea/personal-income-tax-pit/",,,,,,,,,,,,,,,,,,,,,,,,,,,,,,
Eritrea,ER,ERI,34.00%,,,,,,,,,,,,,,,,,,,,,,,,,,,,,,,
Estonia,EE,EST,20.00%,,,,,,,,,,,,,,,,,,,,,,,,,,,,,,,
Ethiopia,ET,ETH,35.00%,"Complicated!
https://www.tradeclub.standardbank.com/portal/en/market-potential/ethiopia/taxes",,,,,,,,,,,,,,,,,,,,,,,,,,,,,,
Faroe Islands,FO,FRO,20.00%,"Complicated! 
https://en.wikipedia.org/wiki/Taxation_in_the_Faroe_Islands",,,,,,,,,,,,,,,,,,,,,,,,,,,,,,
Fiji,FJ,FJI,20.00%,"Complicated!
https://taxsummaries.pwc.com/fiji/individual/taxes-on-personal-income",,,,,,,,,,,,,,,,,,,,,,,,,,,,,,
Finland,FI,FIN,55.00%,"Complicated!
https://taxsummaries.pwc.com/finland",,,,,,,,,,,,,,,,,,,,,,,,,,,,,,
France,FR,FRA,45.00%,"Complicated!
https://taxsummaries.pwc.com/france/individual/taxes-on-personal-income",,,,,,,,,,,,,,,,,,,,,,,,,,,,,,
Gabon,GA,GAB,35.00%,"Complicated!
https://centralafricataxguide.com/gabon/personal-income-tax-pit/",,,,,,,,,,,,,,,,,,,,,,,,,,,,,,
Gambia,GM,GMB,30.00%,,,,,,,,,,,,,,,,,,,,,,,,,,,,,,,
Georgia,GE,GEO,5.75%,"Complicated!
https://taxfoundation.org/state/georgia",,,,,,,,,,,,,,,,,,,,,,,,,,,,,,
Germany,DE,DEU,45.00%,"Complicated!
https://taxsummaries.pwc.com/germany/individual/taxes-on-personal-income",,,,,,,,,,,,,,,,,,,,,,,,,,,,,,
Ghana,GH,GHA,30.00%,"Complicated!
https://taxsummaries.pwc.com/ghana/individual/taxes-on-personal-income",,,,,,,,,,,,,,,,,,,,,,,,,,,,,,
Gibraltar,GI,GIB,30.00%,"Complicated!
https://taxsummaries.pwc.com/gibraltar/individual/taxes-on-personal-income",,,,,,,,,,,,,,,,,,,,,,,,,,,,,,
Greece,GR,GRC,44.00%,"Complicated!
https://taxsummaries.pwc.com/greece/individual/taxes-on-personal-income",,,,,,,,,,,,,,,,,,,,,,,,,,,,,,
Greenland,GL,GRL,36.00%,"Complicated!
https://taxsummaries.pwc.com/greenland/individual/taxes-on-personal-income",,,,,,,,,,,,,,,,,,,,,,,,,,,,,,
Grenada,GD,GRD,28.00%,"Complicated!
https://immigrantinvest.com/blog/taxation-of-grenada-en",,,,,,,,,,,,,,,,,,,,,,,,,,,,,,
Guam,GU,GUM,0.00%,,,,,,,,,,,,,,,,,,,,,,,,,,,,,,,
Guatemala,GT,GTM,7.00%,"Complicated!
https://taxsummaries.pwc.com/guatemala/individual/taxes-on-personal-income",0,300000,5%,,,,,,,,,,,,,,,,,,,,,,,,,,,
Guinea,GN,GIN,40.00%,,,,,,,,,,,,,,,,,,,,,,,,,,,,,,,
Guinea-Bissau,GW,GNB,40.00%,,,,,,,,,,,,,,,,,,,,,,,,,,,,,,,
Guyana,GY,GUY,40.00%,"Complicated!
https://taxsummaries.pwc.com/guyana/individual/taxes-on-personal-income",0,1560000,28%,,,,,,,,,,,,,,,,,,,,,,,,,,,
Haiti,HT,HTI,30.00%,"Complicated!
https://cfihaiti.com/index.php/en/faqs",0,60000,0%,60001,240000,10%,240001,480000,15%,480001,1000000,25%,,,,,,,,,,,,,,,,,,
Honduras,HN,HND,25.00%,"Complicated! 
https://taxsummaries.pwc.com/honduras/individual/taxes-on-personal-income",0,17211790,0%,17211790,262449.27,15%,262449.28,262449.28,20%,,,,,,,,,,,,,,,,,,,,,
Hong Kong,HK,HKG,17.00%,"Complicated!
https://www.expat.hsbc.com/expat-explorer/expat-guides/hong-kong/tax-in-hong-kong/",0,50000,2%,50001,100000,6%,100001,150000,10%,150001,200000,14%,,,,,,,,,,,,,,,,,,
Hungary,HU,HUN,15.00%,,,,,,,,,,,,,,,,,,,,,,,,,,,,,,,
Iceland,IS,ISL,46.25%,"Complicated!
https://taxsummaries.pwc.com/iceland/individual/taxes-on-personal-income",0,370482,31.45%,370482,669624,37.95%,,,,,,,,,,,,,,,,,,,,,,,,
India,IN,IND,30.00%,"Complicated!
https://www.iciciprulife.com/insurance-library/income-tax/income-tax-slabs-rate-deductions.html",,,,,,,,,,,,,,,,,,,,,,,,,,,,,,
Indonesia,ID,IDN,35.00%,"Complicated!
https://taxsummaries.pwc.com/indonesia/individual/taxes-on-personal-income",0,60000000,5%,60000000,250000000,15%,250000000,500000000,25%,500000000,5000000000,30%,,,,,,,,,,,,,,,,,,
Iran,IR,IRN,35.00%,"Complicated!
https://www.worldwide-tax.com/iran/iran_tax.asp",0,30000000,15%,30000000,100000000,20%,100000000,250000000,25%,250000000,1000000000,30%,,,,,,,,,,,,,,,,,,
Iraq,IQ,IRQ,15.00%,"Complicated!
https://taxsummaries.pwc.com/iraq/individual/taxes-on-personal-income",0,250000,3%,250000,500000,5%,500000,1000000,10%,,,,,,,,,,,,,,,,,,,,,
Ireland,IE,IRL,20.00%,,,,,,,,,,,,,,,,,,,,,,,,,,,,,,,
Israel,IL,ISR,50.00%,"Complicated!
https://taxsummaries.pwc.com/israel/individual/taxes-on-personal-income",,,,,,,,,,,,,,,,,,,,,,,,,,,,,,
Italy,IT,ITA,43.00%,"Complicated!
https://www.worldwide-tax.com/italy/italy-taxes.asp",0,15000,23%,15001,28000,25%,28001,50000,35%,,,,,,,,,,,,,,,,,,,,,
Jamaica,JM,JAM,30.00%,"Complicated! 
https://taxsummaries.pwc.com/jamaica/individual/taxes-on-personal-income",,,,,,,,,,,,,,,,,,,,,,,,,,,,,,
Japan,JP,JPN,45.00%,"Complicated!
https://www.expat.hsbc.com/expat-explorer/expat-guides/japan/tax-in-japan/",0,1950000,0%,1950001,3300000,10%,3300001,6950000,20%,6950001,9000000,23%,900001,18000000,33%,18000001,40000000,40%,,,,,,,,,,,,
Jordan,JO,JOR,30.00%,"Complicated!
https://taxsummaries.pwc.com/jordan/individual/taxes-on-personal-income",,,,,,,,,,,,,,,,,,,,,,,,,,,,,,
Kazakhstan,KZ,KAZ,20.00%,"Complicated!
https://taxsummaries.pwc.com/kazakhstan/individual/taxes-on-personal-income",,,,,,,,,,,,,,,,,,,,,,,,,,,,,,
Kenya,KE,KEN,30.00%,"Complicated!
https://taxsummaries.pwc.com/kenya/individual/taxes-on-personal-income",,,,,,,,,,,,,,,,,,,,,,,,,,,,,,
South Korea,KR,KOR,45.00%,"Complicated!
https://taxsummaries.pwc.com/republic-of-korea/individual/taxes-on-personal-income",0,12000,6%,12000,46000,15%,46000,88000,24%,88000,150000,35%,150000,300000,38%,,,,,,,,,,,,,,,
Kuwait,KW,KWT,0.00%,,,,,,,,,,,,,,,,,,,,,,,,,,,,,,,
Kyrgyzstan,KG,KGZ,10.00%,,,,,,,,,,,,,,,,,,,,,,,,,,,,,,,
Latvia,LV,LVA,31.00%,"Complicated!
https://taxsummaries.pwc.com/latvia/individual/taxes-on-personal-income",0,20004,20%,20004,78100,23%,,,,,,,,,,,,,,,,,,,,,,,,
Lebanon,LB,LBN,25.00%,"Complicated!
https://www2.deloitte.com/content/dam/Deloitte/global/Documents/Tax/dttl-tax-lebanonhighlights-2022.pdf",0,9000000,4%,9000001,24000000,7%,24000001,54000000,12%,54000001,104000000,16%,104000001,225000000,25%,,,,,,,,,,,,,,,
Liberia,LR,LBR,25.00%,"Complicated!
https://shieldgeo.com/payroll-tax-liberia/#Income-Tax-Rate",0,70000,0%,70001,200000,5%,200001,800000,15%,,,,,,,,,,,,,,,,,,,,,
Libya,LY,LBY,10.00%,"Complicated!
https://taxsummaries.pwc.com/libya/individual/taxes-on-personal-income",0,1000,5%,,,,,,,,,,,,,,,,,,,,,,,,,,,
Liechtenstein,LI,LIE,22.40%,"Complicated!
https://www.lawyersliechtenstein.com/liechtenstein-income-tax",,,,,,,,,,,,,,,,,,,,,,,,,,,,,,
Lithuania,LT,LTU,20.00%,"Complicated!
https://taxsummaries.pwc.com/lithuania/individual/taxes-on-personal-income",,,,,,,,,,,,,,,,,,,,,,,,,,,,,,
Luxembourg,LU,LUX,42.00%,"Complicated!
https://www.expatica.com/lu/finance/taxes/luxembourg-income-tax-103752/",,,,,,,,,,,,,,,,,,,,,,,,,,,,,,
Macao,MO,MAC,12.00%,"Complicated!
https://taxsummaries.pwc.com/macau-sar/individual/taxes-on-personal-income",0,144000,0%,144000,164000,7%,164000,184000,8%,184000,224000,9%,224000,304000,10%,304000,424000,11%,,,,,,,,,,,,
Macedonia,MK,MKD,18.00%,"Complicated!
https://taxsummaries.pwc.com/north-macedonia/individual/taxes-on-personal-income",,,,,,,,,,,,,,,,,,,,,,,,,,,,,,
Madagascar,MG,MDG,20.00%,"Complicated!
https://taxsummaries.pwc.com/madagascar/individual/taxes-on-personal-income",0,350000,0%,350001,400000,5%,400001,500000,10%,500001,600000,15%,,,,,,,,,,,,,,,,,,
Malaysia,MY,MYS,30.00%,"Complicated!
https://www.expat.hsbc.com/expat-explorer/expat-guides/malaysia/tax-in-malaysia/",0,5000,0%,5001,20000,1%,20001,35000,3%,35001,50000,8%,50001,70000,14%,70001,100000,21%,,,,,,,,,,,,
Maldives,MV,MDV,15.00%,"Complicated!
https://taxsummaries.pwc.com/republic-of-maldives/individual/taxes-on-personal-income",0,720000,0%,720000,1200000,5.50%,1200000,1800000,8%,1800000,2400000,12%,,,,,,,,,,,,,,,,,,
Mali,ML,MLI,30.00%,,,,,,,,,,,,,,,,,,,,,,,,,,,,,,,
Malta,MT,MLT,35.00%,"Complicated!
https://taxsummaries.pwc.com/malta/individual/taxes-on-personal-income",,,,,,,,,,,,,,,,,,,,,,,,,,,,,,
Mauritius,MU,MUS,15.00%,"Complicated!
https://taxsummaries.pwc.com/mauritius/individual/taxes-on-personal-income",,,,,,,,,,,,,,,,,,,,,,,,,,,,,,
Mexico,MX,MEX,35.00%,"Complicated!
https://taxsummaries.pwc.com/mexico/individual/taxes-on-personal-income",,,,,,,,,,,,,,,,,,,,,,,,,,,,,,
Moldova,MD,MDA,15.00%,"Complicated!
https://taxsummaries.pwc.com/moldova/individual/taxes-on-personal-income",,,,,,,,,,,,,,,,,,,,,,,,,,,,,,
Monaco,MC,MCO,0.00%,,,,,,,,,,,,,,,,,,,,,,,,,,,,,,,
Mongolia,MN,MNG,20.00%,"Complicated!
https://taxsummaries.pwc.com/mongolia/individual/taxes-on-personal-income",,,,,,,,,,,,,,,,,,,,,,,,,,,,,,
Montenegro,ME,MNE,15.00%,"Complicated!
https://taxsummaries.pwc.com/montenegro/individual/taxes-on-personal-income",0,700,0%,701,1000,9%,,,,,,,,,,,,,,,,,,,,,,,,
Morocco,MA,MAR,38.00%,"Complicated!
https://taxsummaries.pwc.com/morocco/individual/taxes-on-personal-income",0,30000,0%,30001,50000,10%,50001,60000,20%,60001,80000,30%,80001,180000,34%,,,,,,,,,,,,,,,
Mozambique,MZ,MOZ,32.00%,"Complicated!
https://www.lloydsbanktrade.com/en/market-potential/mozambique/taxes",0,42000,10%,42000,168000,15%,168000,504000,20%,504000,1512000,25%,,,,,,,,,,,,,,,,,,
Myanmar,MM,MMR,25.00%,"Complicated!
https://taxsummaries.pwc.com/myanmar/individual/taxes-on-personal-income",,,,,,,,,,,,,,,,,,,,,,,,,,,,,,
Namibia,NA,NAM,37.00%,"Complicated!
https://taxsummaries.pwc.com/republic-of-namibia/individual/taxes-on-personal-income",0,50000,0%,50000,100000,18%,100000,300000,25%,300000,500000,28%,500000,800000,30%,800000,1500000,32%,,,,,,,,,,,,
Nepal,NP,NPL,36.00%,"Complicated!
https://www.investopaper.com/news/tax-rate-in-nepal/",0,500000,1%,500001,700000,10%,700001,1000000,20%,1000001,20000000,30%,,,,,,,,,,,,,,,,,,
Netherlands,NL,NLD,49.50%,"Complicated!
https://taxsummaries.pwc.com/netherlands/individual/taxes-on-personal-income",0,34712,9.70%,34713,68507,37.35%,,,,,,,,,,,,,,,,,,,,,,,,
New Zealand,NZ,NZL,39.00%,"Complicated!
https://taxsummaries.pwc.com/new-zealand/individual/taxes-on-personal-income",0,14000,10.50%,14000,48000,17.75%,48000,70000,30%,70000,180000,33%,,,,,,,,,,,,,,,,,,
Nicaragua,NI,NIC,30.00%,"Complicated!
https://www2.deloitte.com/content/dam/Deloitte/global/Documents/Tax/dttl-tax-nicaraguahighlights-2022.pdf",0,100000,0%,100000.01,200000,15%,200000.01,350000,20%,350000.01,500000,25%,,,,,,,,,,,,,,,,,,
Niger,NE,NER,24.00%,"Complicated!
https://taxsummaries.pwc.com/nigeria/individual/taxes-on-personal-income",,,,,,,,,,,,,,,,,,,,,,,,,,,,,,
Nigeria,NG,NGA,24.00%,"Complicated!
https://taxsummaries.pwc.com/nigeria/individual/taxes-on-personal-income",,,,,,,,,,,,,,,,,,,,,,,,,,,,,,
Norway,NO,NOR,38.20%,"Complicated!
https://taxsummaries.pwc.com/norway/individual/taxes-on-personal-income",,,,,,,,,,,,,,,,,,,,,,,,,,,,,,
Oman,OM,OMN,0.00%,,,,,,,,,,,,,,,,,,,,,,,,,,,,,,,
Pakistan,PK,PAK,35.00%,"Complicated!
https://taxsummaries.pwc.com/pakistan/individual/taxes-on-personal-income",0,600000,0%,600000,1200000,2.50%,1200000,2400000,12.50%,2400000,3600000,20%,3600000,6000000,25%,6000000,12000000,32.50%,,,,,,,,,,,,
Palau,PW,PLW,19.60%,"Complicated!
https://taxfitness.com.au/Tax-Havens/palau#:~:text=Palau%20taxes%20individuals%20at%20the,sales%20taxes%20or%20property%20taxes.",,,,,,,,,,,,,,,,,,,,,,,,,,,,,,
Palestine,PS,PSE,5.00%,"Complicated!
https://taxsummaries.pwc.com/palestinian-territories/individual/taxes-on-personal-income",0,75000,5%,75001,150000,10%,,,,,,,,,,,,,,,,,,,,,,,,
Panama,PA,PAN,25.00%,"Complicated!
https://taxsummaries.pwc.com/panama/individual/taxes-on-personal-income",0,11000,0%,11000,50000,15%,,,,,,,,,,,,,,,,,,,,,,,,
Papua New Guinea,PG,PNG,42.00%,"Complicated!
https://taxsummaries.pwc.com/papua-new-guinea/individual/taxes-on-personal-income",,,,,,,,,,,,,,,,,,,,,,,,,,,,,,
Paraguay,PY,PRY,10.00%,,,,,,,,,,,,,,,,,,,,,,,,,,,,,,,
Peru,PE,PER,30.00%,"Complicated!
https://taxsummaries.pwc.com/peru/individual/taxes-on-personal-income",,,,,,,,,,,,,,,,,,,,,,,,,,,,,,
Philippines,PH,PHL,35.00%,"Complicated!
https://taxsummaries.pwc.com/philippines/individual/taxes-on-personal-income",,,,,,,,,,,,,,,,,,,,,,,,,,,,,,
Poland,PL,POL,32.00%,"Complicated!
https://taxsummaries.pwc.com/poland/individual/taxes-on-personal-income",0,120000,12%,,,,,,,,,,,,,,,,,,,,,,,,,,,
Portugal,PT,PRT,48.00%,"Complicated!
https://taxsummaries.pwc.com/portugal/individual/taxes-on-personal-income",0,7116,14.50%,7116,10736,23%,10736,15216,28.50%,15216,19696,28.50%,19696,25076,35%,,,,,,,,,,,,,,,
Puerto Rico,PR,PRI,33.00%,"Complicated!
https://taxsummaries.pwc.com/puerto-rico/individual/taxes-on-personal-income",0,9000,0%,9000,25000,7%,25000,41500,14%,41500,61500,25%,,,,,,,,,,,,,,,,,,
Qatar,QA,QAT,0.00%,,,,,,,,,,,,,,,,,,,,,,,,,,,,,,,
Romania,RO,ROU,10.00%,,,,,,,,,,,,,,,,,,,,,,,,,,,,,,,
Russia,RU,RUS,13.00%,,,,,,,,,,,,,,,,,,,,,,,,,,,,,,,
Rwanda,RW,RWA,30.00%,"Complicated!
https://taxsummaries.pwc.com/rwanda/individual/taxes-on-personal-income",0,30000,0%,30001,100000,20%,,,,,,,,,,,,,,,,,,,,,,,,
San Marino,SM,SMR,35.00%,,0,10000,0%,10000,18000,13%,18000,28000,17%,28000,38000,21%,38000,50000,25%,50000,65000,28%,65000,80000,31%,,,,,,,,,
Saudi Arabia,SA,SAU,0.00%,,,,,,,,,,,,,,,,,,,,,,,,,,,,,,,
Senegal,SN,SEN,40.00%,"Complicated!
https://www.taxesforexpats.com/country_guides/senegal/us-tax-preparation-in-senegal.html",0,630000,0%,630001,1500000,20%,1500001,400000,30%,4000001,8000000,35%,8000001,13500000,37%,,,,,,,,,,,,,,,
Serbia,RS,SRB,15.00%,"Complicated!
https://taxsummaries.pwc.com/serbia/individual/taxes-on-personal-income",,,,,,,,,,,,,,,,,,,,,,,,,,,,,,
Seychelles,SC,SYC,15.00%,"Complicated!
https://www.src.gov.sc/pages/incometax/incometax.aspx",,,,,,,,,,,,,,,,,,,,,,,,,,,,,,
Sierra Leone,SL,SLE,15.00%,,,,,,,,,,,,,,,,,,,,,,,,,,,,,,,
Singapore,SG,SGP,22.00%,"Complicated!
https://taxsummaries.pwc.com/singapore/individual/taxes-on-personal-income",0,20000,0%,20000,30000,2%,30000,40000,3.50%,40000,80000,7%,80000,120000,11.50%,120000,160000,15%,160000,200000,18%,200000,240000,19%,240000,280000,19.50%,280000,320000,20%
Slovakia,SK,SVK,25.00%,"Complicated!
https://taxsummaries.pwc.com/slovak-republic/individual/taxes-on-personal-income",,,,,,,,,,,,,,,,,,,,,,,,,,,,,,
Slovenia,SI,SVN,50.00%,"Complicated!
https://spot.gov.si/en/info/taxes/taxes/",,,,,,,,,,,,,,,,,,,,,,,,,,,,,,
Somalia,SO,SOM,18.00%,"Complicated!
https://sominvest.gov.so/procedures/tax-regime/",0,200,0%,201,800,6%,801,1500,12%,,,,,,,,,,,,,,,,,,,,,
South Africa,ZA,ZAF,45.00%,"Complicated!
https://taxsummaries.pwc.com/south-africa/individual/taxes-on-personal-income",0,226000,0%,226001,353100,26%,353101,488700,31%,488701,641400,36%,641401,817600,39%,817601,1731600,41%,,,,,,,,,,,,
South Sudan,SS,SSD,20.00%,"Complicated!
https://nra.gov.ss/individual/taxes-for-individuals/1/personal-income-tax-pit",0,2000,0%,2001,5000,5%,5001,10000,10%,10001,15000,15%,,,,,,,,,,,,,,,,,,
Spain,ES,ESP,45.00%,"Complicated!
https://www.expat.hsbc.com/expat-explorer/expat-guides/spain/tax-in-spain/",0,12450,19%,12451,20200,24%,20201,35200,30%,35201,60000,37%,,,,,,,,,,,,,,,,,,
Sri Lanka,LK,LKA,15.00%,,,,,,,,,,,,,,,,,,,,,,,,,,,,,,,
Sudan,SD,SDN,15.00%,,,,,,,,,,,,,,,,,,,,,,,,,,,,,,,
Sweden,SE,SWE,20.00%,"Complicated!
https://taxsummaries.pwc.com/sweden/individual/taxes-on-personal-income",,,,,,,,,,,,,,,,,,,,,,,,,,,,,,
Switzerland,CH,CHE,13.00%,"Complicated!
https://taxsummaries.pwc.com/switzerland/individual/taxes-on-personal-income",,,,,,,,,,,,,,,,,,,,,,,,,,,,,,
Taiwan,TW,TWN,40.00%,"Complicated!
https://taxsummaries.pwc.com/taiwan/individual/taxes-on-personal-income",0,560000,5%,560001,1260000,12%,1260001,2520000,20%,2520001,4720000,30%,,,,,,,,,,,,,,,,,,
Tajikistan,TJ,TJK,20.00%,"Complicated!
https://taxsummaries.pwc.com/tajikistan/individual/taxes-on-personal-income",,,,,,,,,,,,,,,,,,,,,,,,,,,,,,
Tanzania,TZ,TZA,30.00%,"Complicated!
https://taxsummaries.pwc.com/tanzania/individual/taxes-on-personal-income",0,270000,0%,270000,520000,8%,520000,760000,20%,760000,1000000,25%,,,,,,,,,,,,,,,,,,
Thailand,TH,THA,35.00%,"Complicated!
https://taxsummaries.pwc.com/thailand/individual/taxes-on-personal-income",0,150000,0%,150001,300000,5%,300001,500000,10%,500001,750000,15%,750001,1000000,20%,1000001,2000000,25%,2000001,5000000,30%,,,,,,,,,
Togo,TG,TGO,35.00%,"Complicated!
https://www.tradeclub.standardbank.com/portal/en/market-potential/togo/taxes",0,900000,0.50%,900001,4000000,7%,4000001,6000000,15%,6000001,10000000,25%,10000001,15000000,30%,,,,,,,,,,,,,,,
Tonga,TO,TON,25.00%,"Complicated!
https://www.revenue.gov.to/paye",0,12000,0%,12001,30000,10%,30001,50000,15%,50001,70000,20%,,,,,,,,,,,,,,,,,,
Trinidad and Tobago,TT,TTO,30.00%,"Complicated!
https://taxsummaries.pwc.com/trinidad-and-tobago/individual/taxes-on-personal-income",,,,,,,,,,,,,,,,,,,,,,,,,,,,,,
Tunisia,TN,TUN,35.00%,"Complicated!
https://taxsummaries.pwc.com/tunisia/individual/taxes-on-personal-income",0,5000,0%,5001,20000,26%,20001,30000,28%,30001,50000,32%,,,,,,,,,,,,,,,,,,
Turkey,TR,TUR,40.00%,"Complicated!
https://taxsummaries.pwc.com/turkey/individual/taxes-on-personal-income",,,,,,,,,,,,,,,,,,,,,,,,,,,,,,
Turkmenistan,TM,TKM,10.00%,,,,,,,,,,,,,,,,,,,,,,,,,,,,,,,
Uganda,UG,UGA,40.00%,"Complicated!
https://taxsummaries.pwc.com/uganda/individual/taxes-on-personal-income",,,,,,,,,,,,,,,,,,,,,,,,,,,,,,
Ukraine,UA,UKR,18.00%,,,,,,,,,,,,,,,,,,,,,,,,,,,,,,,
United Arab Emirates,AE,ARE,0.00%,,,,,,,,,,,,,,,,,,,,,,,,,,,,,,,
United Kingdom,GB,GBR,45.00%,"Complicated!
https://taxsummaries.pwc.com/united-kingdom/individual/taxes-on-personal-income",,,,,,,,,,,,,,,,,,,,,,,,,,,,,,
United States,US,USA,37.00%,"Complicated!
https://taxsummaries.pwc.com/united-states/individual/taxes-on-personal-income",,,,,,,,,,,,,,,,,,,,,,,,,,,,,,
Uruguay,UY,URY,36.00%,"Complicated!
https://taxsummaries.pwc.com/uruguay/individual/taxes-on-personal-income",,,,,,,,,,,,,,,,,,,,,,,,,,,,,,
Uzbekistan,UZ,UZB,20.00%,"Complicated!
https://taxsummaries.pwc.com/republic-of-uzbekistan/individual/taxes-on-personal-income",,,,,,,,,,,,,,,,,,,,,,,,,,,,,,
Venezuela,VE,VEN,34.00%,"Complicated!
https://taxsummaries.pwc.com/venezuela/individual/taxes-on-personal-income",0,1000,6%,1000,1500,9%,1500,2000,12%,2000,2500,16%,2500,3000,20%,3000,4000,24%,4000,6000,29%,,,,,,,,,
Vietnam,VN,VNM,35.00%,"Complicated!
https://taxsummaries.pwc.com/vietnam/individual/taxes-on-personal-income",,,,,,,,,,,,,,,,,,,,,,,,,,,,,,
Yemen,YE,YEM,15.00%,,,,,,,,,,,,,,,,,,,,,,,,,,,,,,,
Zambia,ZM,ZMB,37.50%,"Complicated!
https://taxsummaries.pwc.com/zambia/individual/taxes-on-personal-income",0,54000,0%,54001,57600,25%,57601,82800,30%,,,,,,,,,,,,,,,,,,,,,
Zimbabwe,ZW,ZWE,40.00%,"Complicated!
https://taxsummaries.pwc.com/zimbabwe/individual/taxes-on-personal-income",,,,,,,,,,,,,,,,,,,,,,,,,,,,,,
Saint Vincent and the Grenadines,VC,VCT,30.00%,"Complicated!
https://www2.deloitte.com/content/dam/Deloitte/global/Documents/Tax/dttl-tax-stvincenthighlights-2022.pdf",0,5000,10%,5001,10000,20%,,,,,,,,,,,,,,,,,,,,,,,,
Samoa,WS,WSM,27.00%,"Complicated!
https://www.revenue.gov.ws/home/our-services/inland-revenue-services/taxes/income-tax/",,,,,,,,,,,,,,,,,,,,,,,,,,,,,,
Sao Tome and Principe,ST,STP,37.00%,,,,,,,,,,,,,,,,,,,,,,,,,,,,,,,
Timor-Leste,TL,TLS,10.00%,,,,,,,,,,,,,,,,,,,,,,,,,,,,,,,
Tuvalu,TV,TUV,30.00%,,,,,,,,,,,,,,,,,,,,,,,,,,,,,,,
Vanuatu,VU,VUT,0.00%,,,,,,,,,,,,,,,,,,,,,,,,,,,,,,,